drugs_name,illness,side_effects,treated_illness,categories
acrivastine,"treatment of allergies ,hay fever","difficulty sleeping, feeling sick (nausea), headaches, feeling nervous, difficulty peeing (for men), especially those with an enlarged prostate.",treatment allergies hay fev,1
aciclovir,It treats infections caused by the herpes virus (herpes simplex),"headaches,feeling dizzy,feeling or being sick (nausea or vomiting),diarrhoea,skin being sensitive to sunlight",treats infections caused herpes virus herpes simplex,1
Adalimumab,reduce inflammation by acting on your immune system.,"pain, swelling, redness or itchy skin where your injection was given,a mild nose, throat or sinus infection,a headache,stomach pains, feeling or being sick,a rash,muscle or bone pains",reduce inflammation acting immune system,1
Alendronic acid,help your bones stay as strong as possible,"constipation,diarrhoea,feeling dizzy (or signs of vertigo),headaches, muscle or joint pain,swollen joints, hands or legs,indigestion, bloating or wind,itching or a mild rash,feeling sleepy or tired,hair loss",help bones stay strong poss,1
Allopurinol,"used to lower levels of uric acid in your blood, types of cancer treatment.",feeling or being sick,used lower levels uric acid blood types cancer treatment,1
Alogliptin,"is prescribed for people who still have high blood sugar, treats type 2 diabetes.","cold-like symptoms,headaches,stomach ache or indigestion,diarrhoea,rash or itchy skin",prescribed people still high blood sugar treats type 2 diabetes,1
Amitriptyline for depression,"depression, It's used to treat low mood and depression.","constipation,dizziness,dry mouth,feeling sleepy, tired or weak,difficulty peeing,headaches",depression used treat low mood depression,2
Amitriptyline for pain,"to treat nerve pain (neuralgia) and back pain,to help prevent migraine attacks","constipation,dizziness,dry mouth,feeling sleepy, tired or weak,difficulty peeing,headaches",treat nerve pain neuralgia back painto help prevent migraine attack,19
Amlodipine,"used to treat high blood pressure (hypertension), to prevent future heart disease, heart attacks and strokes.","headaches,feeling dizzy,flushing,a pounding heartbreak,swollen ankles",used treat high blood pressure hypertension prevent future heart disease heart attacks strokes,8
Amoxicillin,"It is used to treat bacterial infections, such as chest infections (including pneumonia) and dental abscesses","feeling sick (nausea),diarrhoea",used treat bacterial infections chest infections including pneumonia dental abscess,12
Aspirin for pain relief,"Aspirin is an everyday painkiller for aches and pains such as headache, toothache and period pain. ","Mild indigestion,Bleeding more easily than normal",aspirin everyday painkiller aches pains headache toothache period pain ,0
low-dose aspirin,helps to prevent heart attacks and strokes in people who are at high risk of them.,"Mild indigestion,Bleeding more easily than normal",helps prevent heart attacks strokes people high risk,1
Anastrozole,ype of hormone treatment. It works by lowering the levels of oestrogen hormones in your body.,"hot flushes and sweating,dry or itchy vagina and genitals, bleeding from your vagina,difficulty sleeping,feeling very tired,feeling or being sick, loss of appetite,mild aches in your muscles and bones,numb or tingling hands,changes to your skin, including a mild rash,hair loss or thinning hair,low mood or depression",ype hormone treatment works lowering levels oestrogen hormones body,1
Apixaban,It makes your blood flow through your veins more easily,"bleeding more easily than normal,",makes blood flow veins easili,1
Atenolol,used to treat high blood pressure (hypertension) and irregular heartbeats (arrhythmia).,"Feeling sleepy, tired or dizzy,Cold fingers or toes,Feeling sick or being sick (nausea or vomiting),Diarrhoea,Stomach pain",used treat high blood pressure hypertension irregular heartbeats arrhythmia,5
Atorvastatin,"t is used to lower cholesterol if you've been diagnosed with high blood cholesterol and prevent heart disease, including heart attacks and strokes.","Feeling sick (nausea) or indigestion,Headaches,Nosebleeds,Sore throat,Cold-like symptoms, such as a runny nose, blocked nose or sneezing",used lower cholesterol youve diagnosed high blood cholesterol prevent heart disease including heart attacks strokes,6
Azathioprine," helps treat inflammatory conditions:rheumatoid arthritis,Crohn's disease and ulcerative colitis,severe inflammation of the liver, skin or arteries,some blood disorders","feeling sick (mild nausea),headaches", helps treat inflammatory conditionsrheumatoid arthritiscrohns disease ulcerative colitissevere inflammation liver skin arteriessome blood disord,19
Azithromycin,reat infections,"Feeling sick (nausea),Diarrhoea,Losing your appetite,Headaches,Feeling dizzy or tired",reat infect,1
Baclofen,"It's used to relieve muscle spasms, cramping or tightness caused by conditions","Feeling sleepy, tired, dizzy or weak,Diarrhoea,Headaches,Problems sleeping,Dry mouth,Rapid eye movements, blurred vision or difficulty focusing",used relieve muscle spasms cramping tightness caused condit,1
Beclometasone inhalers,used for asthma and chronic obstructive pulmonary disease (COPD).,"oral thrush – a fungal infection that causes white patches, redness and soreness in your mouth,dry or sore throat, or hoarse voice",used asthma chronic obstructive pulmonary disease copd,13
Beclometasone nasal spray,used to treat cold-like symptoms caused by allergic rhinitis. This is an inflammation of the inside of your nose that can be brought on by hay fever.,"sneezing,dry or sore throat, or hoarse voice,unpleasant taste or smell,dry or sore nose, or nosebleeds",used treat coldlike symptoms caused allergic rhinitis inflammation inside nose brought hay fever,16
Beclometasone skin creams,"sed to treat itching, swollen and irritated skin.",get a burning or stinging feeling for a few minutes ,sed treat itching swollen irritated skin,19
Bendroflumethiazide,It's used to treat high blood pressure (hypertension) and the build-up of fluid in your body (oedema).,"feeling thirsty, with a dry mouth,feeling or being sick (nausea or vomiting),stomach pain,diarrhoea,constipation,severe joint pain,feeling dizzy and faint",used treat high blood pressure hypertension buildup fluid body oedema,8
Benzoyl peroxide,Benzoyl peroxide is used to treat acne. It works as an antiseptic to reduce the number of germs (bacteria) on the surface of your skin.,"dry skin,red or peeling skin,burning or stinging (skin irritation)",benzoyl peroxide used treat acne works antiseptic reduce number germs bacteria surface skin,2
Benzydamine,"Benzydamine is an NSAID (non-steroidal anti-inflammatory drug) that reduces pain and swelling (inflammation):mouth ulcers,sore throats,teething",get a stinging feeling or numbness in their mouth after using benzydamine.,benzydamine nsaid nonsteroidal antiinflammatory drug reduces pain swelling inflammationmouth ulcerssore throatsteeth,19
Betahistine,"used to treat the symptoms of Ménière's disease:dizziness (vertigo),ringing in the ears (tinnitus),loss of hearing,feeling sick (nausea)","feeling sick (nausea),indigestion (acid reflux),bloating or mild stomach ache,headache",used treat symptoms ménières diseasedizziness vertigoringing ears tinnitusloss hearingfeeling sick nausea,2
"Betamethasone for eyes, ears and nose","is used to treat allergies and inflammation. It relieves swelling, redness and irritation.","irritation, burning, stinging and itching in your eye,blurred or cloudy vision",used treat allergies inflammation relieves swelling redness irritation,19
Betamethasone for skin,"Betamethasone skin treatments are used to treat itching, swollen and irritated skin. They can help with conditions such as eczema, contact dermatitis and psoriasis.",et a burning or stinging feeling for a few minutes,betamethasone skin treatments used treat itching swollen irritated skin help conditions eczema contact dermatitis psoriasis,19
Bimatoprost,treats high pressure in the eye (ocular hypertension) and helps with glaucoma.,change in eye colour,treats high pressure eye ocular hypertension helps glaucoma,1
Bisacodyl,can help you empty your bowels if you have constipation (difficulty pooing).,"feeling sick (nausea),diarrhoea,stomach pain or cramps",help empty bowels constipation difficulty pooing,1
Bisoprolol,Bisoprolol is a beta blocker medicine used to treat high blood pressure (hypertension) and heart failure.,"Headaches,Feeling dizzy or weak,Cold hands or feet,Feeling or being sick (nausea or vomiting),Diarrhoea,Constipation",bisoprolol beta blocker medicine used treat high blood pressure hypertension heart failure,5
Brinzolamide,hat treats high pressure inside the eye (ocular hypertension) and helps with glaucoma.,"an itchy or painful eye and a feeling that something's in your eye, blurred vision, or watery eyes,your eyes become sensitive to bright light (photophobia),a bad or unusual taste in your mouth",hat treats high pressure inside eye ocular hypertension helps glaucoma,1
Budesonide inhalers,used for asthma and chronic obstructive pulmonary disease (COPD).,"oral thrush – a fungal infection that causes white patches, redness and soreness in your mouth,dry or sore throat, or hoarse voice",used asthma chronic obstructive pulmonary disease copd,13
Budesonide nasal spray,is used to treat cold-like symptoms caused by allergic rhinitis. This is an inflammation of the inside of your nose that can be brought on by hay fever. It is also used to reduce swelling and shrink nasal polyps.,"sneezing
dry or sore nose, or nosebleeds
dry or sore throat
unpleasant taste or smell",used treat coldlike symptoms caused allergic rhinitis inflammation inside nose brought hay fever also used reduce swelling shrink nasal polyps,16
Budesonide rectal foam and enemas,sed to treat ulcerative colitis.,"diarrhoea,feeling sick, indigestion and trapped wind,burning or stinging around your bottom",sed treat ulcerative colitis,19
Bumetanide,It's used to treat heart failure and the build up of fluid in your body (oedema).,"Peeing more than normal,Feeling thirsty,Dry mouth,Headaches,Feeling confused or dizzy,Muscle cramps or weak muscles",used treat heart failure build fluid body oedema,8
Buprenorphine for pain,"It's used to treat severe pain, for example during or after an operation or a serious injury, or pain from cancer.","constipation,feeling or being sick (nausea or vomiting),feeling sleepy or tired,feeling dizzy or a sensation of spinning (vertigo),confusion,headaches,headaches,itching or skin rashesSerious side effects are rare.",used treat severe pain example operation serious injury pain cancer,9
Buscopan (hyoscine butylbromide),"relieves painful stomach cramps, including those linked with irritable bowel syndrome (IBS).","dry mouth,constipation,blurred vision,fast heart rate",relieves painful stomach cramps including linked irritable bowel syndrome ibs,1
Candesartan,sed to treat high blood pressure (hypertension) and heart failure.,"Headaches , Feeling dizzy or faint, or having a spinning sensation (vertigo)",sed treat high blood pressure hypertension heart failure,8
Carvedilol,used to treat high blood pressure (hypertension),"feeling dizzy,headaches,feeling tired,feeling or being sick (nausea or vomiting),cold fingers or toes",used treat high blood pressure hypertension,5
Carbamazepine,used to treat epilepsy,"Feeling sleepy, dizzy or tired,Feeling or being sick (nausea or vomiting),Headaches,Dry mouth,Putting on weight",used treat epilepsi,2
Carbimazole,sed to treat an overactive thyroid (hyperthyroidism).,"feeling sick (nausea),thinning hair,being sick (vomiting) or diarrhoea,feeling dizzy,headache,painful joints,itchy skin or rash",sed treat overactive thyroid hyperthyroidism,19
Carbocisteine,helps you cough up phlegm (also called mucus or sputum). It works by making your phlegm less thick and sticky,"diarrhoea,feeling or being sick",helps cough phlegm also called mucus sputum works making phlegm less thick sticki,1
Carmellose sodium,is a lubricant used to treat dry eyes,"burning, itching and stinging",lubricant used treat dry ey,2
Cefalexin,"It's used to treat bacterial infections, such as pneumonia and other chest infections, skin infections and urinary tract infections (UTIs).","feeling sick (nausea),diarrhoea,stomach pain or cramps",used treat bacterial infections pneumonia chest infections skin infections urinary tract infections utis,12
Cetirizine,elps the symptoms of allergies.,"headachesm,dry mouth,feeling sick (nausea),feeling dizzy,diarrhoea,sore throat,sneezing or blocked and runny nose",elps symptoms allergies,1
Chloramphenicol,used to treat eye infections (such as conjunctivitis) and sometimes ear infections.,"Stinging or burning in the eye,Mild stinging, irritation, burning or itching",used treat eye infections conjunctivitis sometimes ear infections,12
Chlorhexidine,It helps reduce the number of germs (bacteria) in your mouth or on your skin,"n rare cases, some people may get red, itchy or irritated skin",helps reduce number germs bacteria mouth skin,1
Chlorphenamine (Piriton),medicine that relieves the symptoms of allergies.,"feeling sleepy during the daytime,feeling sick (nausea),feeling dizzy or difficulty concentrating,dry mouth,headaches,blurred vision",medicine relieves symptoms allergies,1
Cinnarizine,stops you feeling or being sick (nausea or vomiting).,"feeling sleepy during the daytime,feeling sick (nausea),indigestion,putting on weight",stops feeling sick nausea vomiting,1
Ciprofloxacin,"It is used to treat serious infections, or infections when other anitbiotics have not worked.Ciprofloxacin is an antibiotic","feeling sick (nausea) after taking the tablets or liquid,diarrhoea after taking the tablets or liquid,red or uncomfortable eye with a stinging, burning or gritty feeling after using the eyedrops or ointment,bad taste in the mouth with the eyedrops or ointment",used treat serious infections infections anitbiotics workedciprofloxacin antibiot,12
Citalopram,It's often used to treat low mood (depression) and also sometimes for panic attacks,"Dry mouth,Sweating a lot,Being unable to sleep,Feeling sleepy, tired or weak,Feeling tired or weak,Headaches,Feeling sick (nausea)",often used treat low mood depression also sometimes panic attack,2
Clarithromycin,"s an antibiotic. It's used to treat chest infections such as pneumonia, skin problems such as cellulitis, and ear infections","Feeling sick (nausea),Being sick (vomiting),Diarrhoea,Bloating and indigestion,Headaches,
",antibiotic used treat chest infections pneumonia skin problems cellulitis ear infect,12
Clobetasol,"to treat swelling, itching and irritation",feel burning or stinging,treat swelling itching irrit,19
Clobetasone,"reat swelling, itching and irritation.",e get a burning or stinging feeling,reat swelling itching irritation,19
Clonazepam,"It's used to control seizures or fits due to epilepsy, involuntary muscle spasms, panic disorder and sometimes restless legs syndrome.","disturbed sleep (such as vivid dreams),feeling sleepy (drowsy) in the daytime,feeling light-headed, unsteady or dizzy,muscle weakness",used control seizures fits due epilepsy involuntary muscle spasms panic disorder sometimes restless legs syndrome,1
Clopidogrel,It prevents platelets (a type of blood cell) from sticking together and forming a dangerous blood clot,"bleeding more easily than normal – nosebleeds, bruising more easily or bleeding that takes longer to stop,diarrhoea,stomach pain,indigestion or heartburn",prevents platelets type blood cell sticking together forming dangerous blood clot,15
Clotrimazole,It's used to treat skin infections caused by a fungus (yeast).,"red, irritated skin,pain or a burning or stinging sensation",used treat skin infections caused fungus yeast,2
Clotrimazole for thrush (Canesten),"It's used to treat yeast infections including thrush in women and men, although thrush is more common in women.","red, irritated skinmpain, burning or stinging sensation",used treat yeast infections including thrush women men although thrush common women,2
Co-amoxiclav,used for bacterial infections,"diarrhoeamitching, redness and discomfort in or around your mouth, armpits, vagina, penis or groin area – these are symptoms of thrush (a yeast infection),feeling or being sick (nausea or vomiting), especially when taking high doses of co-amoxiclav",used bacterial infect,1
Co-beneldopa,"used to treat the main symptoms of Parkinson's disease. It can help with shaking (tremors), slowness and stiffness","oss of appetite, feeling or being sick (nausea or vomiting),change in the way things taste,dizziness when you get up from sitting or lying down,problems sleeping (insomnia),uncontrollable twitching, twisting or writhing movements (dyskinesias)",used treat main symptoms parkinsons disease help shaking tremors slowness stiff,2
Co-careldopa,"s used to treat the main symptoms of Parkinson's disease. It can help with shaking (tremors), slowness and stiffness.","loss of appetite, feeling or being sick (nausea or vomiting),problems sleeping (insomnia),uncontrollable twitching, twisting or writhing movements (dyskinesias)",used treat main symptoms parkinsons disease help shaking tremors slowness stiffness,2
Co-codamol for adults,"t's used to treat aches and pains including headaches, muscular pain, migraines and toothache.","constipation,feeling or being sick (nausea or vomiting),feeling sleepy or tired,headaches",ts used treat aches pains including headaches muscular pain migraines toothache,0
Co-codamol for children,"It's used to treat aches and pains including headaches, migraine, muscular pain and toothache.","constipation,feeling or being sick (nausea or vomiting),feeling sleepy or tired,headaches",used treat aches pains including headaches migraine muscular pain toothache,0
Co-codaprin (aspirin and codeine),"It's used to treat aches and pains, including headaches, muscular pain, migraine and toothache. It can also be used to treat the symptoms of colds and flu.",",feeling or being sick (nausea or vomiting),constipation,feeling sleepy,bleeding more easily than normal,headaches",used treat aches pains including headaches muscular pain migraine toothache also used treat symptoms colds flu,0
Co-dydramol,"it's used to treat aches and pains, including headaches, migraines, muscle and joint pain, period pain and toothache.","constipation,feeling or being sick (nausea or vomiting),feeling sleepy,headaches",used treat aches pains including headaches migraines muscle joint pain period pain toothache,0
Codeine,"It's used to treat pain,It's also used for ongoing pain","constipation,feeling or being sick (nausea or vomiting),feeling sleepy,headaches",used treat painits also used ongoing pain,2
Colchicine,a medicine for treating inflammation and pain,Serious allergic reaction,medicine treating inflammation pain,1
Cyanocobalamin,It’s used to treat and prevent vitamin B12 deficiency anaemia (when you have low levels of this vitamin in your body).,Serious allergic reaction,used treat prevent vitamin b12 deficiency anaemia low levels vitamin body,11
Cyclizine,t is used to help stop you feeling or being sick (nausea or vomiting).,"Feeling drowsy,Blurred vision,Dry mouth,Headaches,Constipation


",used help stop feeling sick nausea vomiting,1
Dabigatran,It makes your blood flow through your veins more easily. This means your blood will be less likely to make a dangerous blood clot.,Serious bleeding,makes blood flow veins easily means blood less likely make dangerous blood clot,18
Dapagliflozin,"Dapagliflozin is mainly used to treat type 2 diabetes,It can also be used to treat heart failure.","Thrush, Back pain,Peeing more than normal,Feeling dizzy;Mild skin rash",dapagliflozin mainly used treat type 2 diabetesit also used treat heart failure,2
Digoxin,"It's used to control some heart problems, such as irregular heartbeats (arrhythmias) including atrial fibrillation.","Feeling confused, dizzy or generally unwell 
Feeling or being sick (nausea or vomiting) and loss of appetite
Diarrhoea
Changes in your vision (including blurred vision and not being able to look at bright light)
Skin rashes",used control heart problems irregular heartbeats arrhythmias including atrial fibrillation,1
Diphenhydramine,relieves the symptoms of allergies,"feeling sleepy, or drowsy, during the daytime
dry mouth
feeling dizzy or unsteady on your feet, or having difficulty concentrating",relieves symptoms allergi,1
Domperidone,Domperidone is an anti-sickness medicine. It helps you to stop feeling or being sick (nausea or vomiting).,"your muscles or eyes start moving in an unusual or uncontrolled way
you have problems peeing",domperidone antisickness medicine helps stop feeling sick nausea vomiting,1
Dosulepin,Dosulepin is an antidepressant medicine that is used to treat depression.,"Constipation 
Feeling dizzy
Dry mouth
Feeling sleepy or tired
Difficulty peeing
Headaches
Blurred vision",dosulepin antidepressant medicine used treat depression,2
Doxazosin,It's used to treat high blood pressure (hypertension) and symptoms of an enlarged prostate (benign prostatic enlargement).,"Feeling weak, sleepy or dizzy 
Headaches
Swollen feet, ankles or fingers
Urinary tract infection (UTI) or cystitis
Stomach pain or back pain
Feeling sick (nausea), indigestion or heartburn",used treat high blood pressure hypertension symptoms enlarged prostate benign prostatic enlargement,5
Edoxaban,It makes your blood flow through your veins more easily. This means your blood will be less likely to make a dangerous blood clot.,"Tiredness and lack of energy, shortness of breath, noticeable heartbeats (heart palpitations) and paler than usual skin
Feeling dizzy or light-headed
Feeling or being sick (nausea or vomiting)
Stomach pain and indigestion",makes blood flow veins easily means blood less likely make dangerous blood clot,18
Empagliflozin,"Type 2 diabetes is a condition where the body does not make enough insulin, or the insulin that it makes does not work properly.","thrush 
pain or a burning feeling when you pee
peeing more than normal
mild skin rash or itchy skin",type 2 diabetes condition body make enough insulin insulin makes work properly,1
Eplerenone,It’s used to treat heart failure and reduce the risk of you having other heart problems or a stroke. It also helps to stop heart failure getting worse.,"feeling dizzy especially when you stand up 
headaches
difficulty sleeping
cough",used treat heart failure reduce risk heart problems stroke also helps stop heart failure getting worse,8
Esomeprazole,"treat indigestion, heartburn and acid reflux, and gastro-oesophageal reflux disease (GORD) – a condition which means you keep getting acid reflux 
prevent stomach ulcers","Headaches 
Feeling sick
Being sick
Diarrhoea
Constipation
Stomach pain
Farting (flatulence)",treat indigestion heartburn acid reflux gastrooesophageal reflux disease gord condition means keep getting acid reflux prevent stomach ulc,4
Felodipine,Felodipine is a calcium channel blocker used to treat high blood pressure (hypertension).,"Headaches ,Feeling dizzy,Flushing,Swollen ankles",felodipine calcium channel blocker used treat high blood pressure hypertension,5
Fentanyl,It's used to treat severe pain,"constipation
feeling or being sick (nausea or vomiting)
stomach pain
feeling sleepy or tired
feeling dizzy or a sensation of spinning (vertigo)
confusion
headaches
itching or skin rashes",used treat severe pain,2
Fexofenadine,helps with the symptoms of allergies.,"feeling sick (nausea)
feeling sleepy
headaches
dry mouth
feeling dizzy",helps symptoms allergies,1
Fluconazole,It's used to treat infections caused by different kinds of fungus.,"headache
stomach pain
diarrhoea
feeling or being sick (nausea or vomiting)
rash",used treat infections caused different kinds fungus,2
Fluoxetine (Prozac),"used to treat depression, and sometimes obsessive compulsive disorder and bulimia.","Feeling sick (nausea)
Headaches
Being unable to sleep
Diarrhoea
Feeling tired or weak",used treat depression sometimes obsessive compulsive disorder bulimia,2
Furosemide,"It's used to treat high blood pressure (hypertension), heart failure and a build up of fluid in the body (oedema).","Peeing more than normal
Feeling thirsty
Dry mouth
Headaches
Feeling confused or dizzy
Feeling or being sick (nausea or vomiting)",used treat high blood pressure hypertension heart failure build fluid body oedema,8
Gliclazide,It's a medicine known as a sulfonylurea. Sulfonylureas increase the amount of insulin your pancreas makes. This lowers your blood sugar.,"Stomach ache or indigestion
Feeling sick (nausea)
Being sick (vomiting)
Diarrhoea
Constipation",medicine known sulfonylurea sulfonylureas increase amount insulin pancreas makes lowers blood sugar,1
Gabapentin,is used to treat epilepsy.,"Feeling sleepy, tired or dizzy
Feeling sick (nausea)
Being sick (vomiting)
Diarrhoea
Mood changes
Swollen arms and legs
Blurred vision
Dry mouth
Difficulty getting an erection
Weight gain
Memory problems
Headaches
Getting more infections than usual",used treat epilepsy,2
Gaviscon (alginic acid),Gaviscon can be used to treat heartburn (acid reflux) and indigestion.,"Some types of Gaviscon may be more likely to make you feel sick or cause vomiting, constipation or diarrhoea because of their ingredients.",gaviscon used treat heartburn acid reflux indigestion,2
Heparinoid,reduces swelling and helps with healing,Serious allergic reaction,reduces swelling helps h,19
Hydroxocobalamin,It is used to treat and prevent vitamin B12 deficiency anaemia (when you have low levels of this vitamin in the body).,"pain, swelling or itchy skin where your injection was given
feeling or being sick (nausea or vomiting)
diarrhoea
headaches
feeling dizzy
hot flushes",used treat prevent vitamin b12 deficiency anaemia low levels vitamin body,11
Hyoscine hydrobromide,It can also be used to reduce the amount of saliva in your mouth. This can help with symptoms if you're having palliative care or end of life care.,"feeling sleepy or dizzy
a dry mouth
constipation
blurred vision or itchy eyelids
problems peeing (taking longer to empty your bladder, or feeling that your bladder's not quite empty even after peeing)",also used reduce amount saliva mouth help symptoms youre palliative care end life care,1
Ibuprofen and codeine,"It's used to treat a range of aches and pains, including:

headache and migraine
back pain
period pain
toothache
sprains and strains
pain from arthritis","headaches
feeling dizzy
feeling sleepy
constipation
feeling or being sick (nausea or vomiting)
indigestion and heartburn (acid reflux)
wind",used treat range aches pains including headache migraine back pain period pain toothache sprains strains pain arthr,0
Indapamide,Indapamide is used to treat high blood pressure (hypertension). It's also sometimes used to treat heart failure and the build up of fluid in your body (oedema).,"Mild skin rash
Feeling or being sick (nausea or vomiting)
Feeling dizzy or faint",indapamide used treat high blood pressure hypertension also sometimes used treat heart failure build fluid body oedema,8
Irbesartan,used to treat high blood pressure,"Feeling dizzy
Headaches
Feeling sick (nausea)
Being sick (vomiting)
Diarrhoea
Pain in your joints or muscles
",used treat high blood pressur,2
Isosorbide mononitrate and isosorbide dinitrate,"They are used to prevent angina symptoms (chest pain), they do not work to treat a current angina attack.","headaches
feeling dizzy or weak
feeling tired or sleepy
feeling sick (nausea)
flushing
swelling in lower legs, ankles or feet (oedema)",used prevent angina symptoms chest pain work treat current angina attack,2
Ketoconazole,"It treats different types of fungal infections including:

athlete's foot
jock itch, an infection in the groin area
sweat rash (intertrigo), a rash that usually appears in folds of skin
dandruff and seborrhoeic dermatitis, where your scalp or other areas of your skin become scaly and dry or greasy
pityriasis versicolor, sometimes called tinea versicolour, where small patches of skin become scaly and change colour","itching or redness
a burning feeling on your skin",treats different types fungal infections including athletes foot jock itch infection groin area sweat rash intertrigo rash usually appears folds skin dandruff seborrhoeic dermatitis scalp areas skin become scaly dry greasy pityriasis versicolor sometimes called tinea versicolour small patches skin become scaly change colour,7
Labetalol,"If you have high blood pressure, taking labetalol helps to prevent future heart disease, heart attacks and strokes.","Feeling sleepy, dizzy or weak
Headaches
Cold fingers or toes
Feeling sick or being sick (nausea or vomiting)
Diarrhoea
Stomach pain",high blood pressure taking labetalol helps prevent future heart disease heart attacks strokes,6
Lactulose,Lactulose is a laxative taken to treat constipation,"Bloating
Wind (farting and burping)
Feeling sick (nausea)
Being sick (vomiting)
Stomach pain",lactulose laxative taken treat constip,19
Lansoprazole,"Lansoprazole reduces the amount of acid your stomach makes. It's used for indigestion, heartburn, acid reflux and gastroesophageal-reflux-disease (GORD). Lansoprazole is also taken to prevent and treat stomach ulcers.","headaches
feeling sick
diarrhoea or being sick (vomiting)
stomach pain
constipation
wind
itchy skin rashes
feeling dizzy or tired
dry mouth or throat",lansoprazole reduces amount acid stomach makes used indigestion heartburn acid reflux gastroesophagealrefluxdisease gord lansoprazole also taken prevent treat stomach ulcers,17
Levothyroxine,Levothyroxine is a medicine used to treat an underactive thyroid gland (hypothyroidism).,"Feeling sick (nausea)
Being sick (vomiting)
Diarrhoea
Headaches
Feeling restless or excitable, or problems sleeping
Flushing or sweating
Muscle cramps
Shaking, usually of the hands",levothyroxine medicine used treat underactive thyroid gland hypothyroidism,2
Linagliptin,Linagliptin is a medicine used to treat type 2 diabetes.,"feeling hungry
trembling or shaking
sweating
confusion
difficulty concentrating",linagliptin medicine used treat type 2 diabetes,2
Lorazepam,It's used to treat anxiety and sleeping problems that are related to anxiety.,"your breathing becomes very slow or shallow
your skin or the whites of your eyes turn yellow; this could be a sign of liver problems
you find it difficult to remember things (amnesia)
you see or hear things that are not there (hallucinations)
you think things that are not true (delusions)
you keep falling over
you notice mood changes such as talking too much, feeling overexcited, restless, irritable or aggressive",used treat anxiety sleeping problems related anxiety,2
Losartan,Losartan is a medicine called angiotensin receptor blocker (ARB). It's widely used to treat high blood pressure (hypertension) and heart failure.,"Feeling dizzy
Headaches
Feeling sick (nausea)
Being sick (vomiting)
Diarrhoea
Pain in your joints or muscles
",losartan medicine called angiotensin receptor blocker arb widely used treat high blood pressure hypertension heart failure,5
Macrogol,"Macrogol (or macrogols) is a laxative taken to treat constipation (difficulty pooing). It's also taken to help clear a build-up of hard poo in your bowel, which can happen if you've been constipated for a long time (faecal impaction).","diarrhoea
indigestion
stomach pain (rumbles or aches)
bloating and wind (farting and burping)
feeling or being sick (nausea or vomiting)
sore bottom (anus)",macrogol macrogols laxative taken treat constipation difficulty pooing also taken help clear buildup hard poo bowel happen youve constipated long time faecal impaction,14
Mebendazole,Mebendazole is a type of medicine for treating worms.,"stomach pain
stomach discomfort including bloating and wind
diarrhoea",mebendazole type medicine treating worms,1
Melatonin,Melatonin is a hormone that occurs naturally in your body. It helps control your sleep patterns.,"feeling sleepy or tired in the daytime
headache
stomach ache or feeling sick (nausea)
feeling dizzy
feeling irritable or restless
dry mouth
dry or itchy skin
pains in your arms or legs
strange dreams or night sweats",melatonin hormone occurs naturally body helps control sleep patterns,1
Metronidazole,"It's used to treat skin infections, rosacea and mouth infections, including infected gums and dental abscesses.","Feeling or being sick (nausea or vomiting)
Diarrhoea
A metallic taste in your mouth or a furry tongue",used treat skin infections rosacea mouth infections including infected gums dental abscesses,12
Metoprolol,"It's used to:

treat high blood pressure (hypertension)
treat conditions that cause an irregular heartbeat (arrhythmia)
help prevent future heart disease, heart attacks and strokes
help prevent chest pain caused by angina
prevent migraines
reduce your symptoms if you have too much thyroid hormone in your body (thyrotoxicosis)","Headaches
Feeling tired, dizzy or weak
Cold hands or feet
Feeling sick (nausea)
Stomach pain",used treat high blood pressure hypertension treat conditions cause irregular heartbeat arrhythmia help prevent future heart disease heart attacks strokes help prevent chest pain caused angina prevent migraines reduce symptoms much thyroid hormone body thyrotoxicosis,3
Mirtazapine,It's used to treat depression and sometimes obsessive compulsive disorder (OCD) and anxiety.,"Dry mouth
Increased appetite and weight gain
Headaches
Feeling sleepy
Feeling or being sick (nausea or vomiting)
Diarrhoea
Constipation",used treat depression sometimes obsessive compulsive disorder ocd anxiety,2
Morphine,"It's used to treat severe pain, for example after an operation or a serious injury, or pain from cancer or a heart attack.","Constipation
Feeling or being sick (nausea or vomiting)
Feeling sleepy or tired
Feeling dizzy or a sensation of spinning (vertigo)
Confusion
Headaches
Itchy skin or a rash",used treat severe pain example operation serious injury pain cancer heart attack,9
Montelukast,Montelukast is used to prevent the symptoms of asthma. It's usually prescribed when asthma is mild and can stop it from getting worse.,"diarrhoea
high temperature
headaches
stomach ache, feeling or being sick (nausea or vomiting)
a mild rash",montelukast used prevent symptoms asthma usually prescribed asthma mild stop getting worse,1
Naproxen,Naproxen is a non-steroidal anti-inflammatory drug (NSAID). It reduces swelling (inflammation) and pain in joints and muscles.,"Confusion
Headache
Ringing in the ears
Changes in vision
Feeling sleepy or tired
Feeling dizzy
Rashes",naproxen nonsteroidal antiinflammatory drug nsaid reduces swelling inflammation pain joints muscles,19
Nefopam,"Nefopam is a painkiller. It treats moderate pain, for example after an operation or a serious injury, dental pain, joint pain and muscle pain, or pain from cancer.","feeling sick (nausea)
feeling dizzy or lightheaded
feeling nervous, confused or shaky
a dry mouth
difficulty peeing
seeing things that are not there (hallucinations)
numbness or tingling in your hands and feet",nefopam painkiller treats moderate pain example operation serious injury dental pain joint pain muscle pain pain cancer,9
Nifedipine,Nifedipine is a calcium channel blocker medicine used to treat high blood pressure. Nifedipine is also used to prevent chest pain caused by angina.,"Headaches
Feeling dizzy
Flushing
A fast, pounding or irregular heartbeat (palpitations)
Swollen legs or ankles (oedema)
Constipation",nifedipine calcium channel blocker medicine used treat high blood pressure nifedipine also used prevent chest pain caused angina,5
Nitrofurantoin,"It's used to treat and prevent lower urinary tract infections (UTIs), such as cystitis.","Feeling sick (nausea)
Being sick (vomiting)
Diarrhoea
Loss of appetite
Headaches
Dizziness or feeling sleepy",used treat prevent lower urinary tract infections utis cystitis,2
Nystatin,It's used to treat or prevent infections caused by a fungus (or yeast).,"diarrhoea
feeling or being sick (nausea or vomiting)",used treat prevent infections caused fungus yeast,2
Olanzapine,"Olanzapine helps to manage symptoms of mental health conditions such as:
seeing, hearing, feeling or believing things that others do not, feeling unusually suspicious or having muddled thoughts (schizophrenia)
feeling agitated or hyperactive, very excited, elated, or impulsive (mania symptoms of bipolar disorder)","feeling sleepy in the day
putting on weight or an increase in your appetite
feeling dizzy (especially when getting up from a sitting or lying position)
rash
constipation",olanzapine helps manage symptoms mental health conditions seeing hearing feeling believing things others feeling unusually suspicious muddled thoughts schizophrenia feeling agitated hyperactive excited elated impulsive mania symptoms bipolar disorder,10
Olmesartan,Olmesartan is a medicine used to treat high blood pressure,"Feeling dizzy or tired
Headaches, flu-like symptoms, runny or stuffy nose, cough or bronchitis
Pain in your back, bones or joints
Feeling sick (nausea) or indigestion
Stomach ache
Diarrhoea
Swollen feet, ankles, legs or hands (oedema)
Urinary tract infection (UTI)",olmesartan medicine used treat high blood pressur,2
Omeprazole,"Omeprazole reduces the amount of acid your stomach makes. It's widely used to treat indigestion and heartburn, and acid reflux. It's also taken to prevent and treat stomach ulcers.","Headaches
Feeling sick (nausea)
Being sick (vomiting) or diarrhoea
Stomach pain
Constipation
Farting (flatulence)",omeprazole reduces amount acid stomach makes widely used treat indigestion heartburn acid reflux also taken prevent treat stomach ulcers,17
Oxycodone,"It's used to treat severe pain, for example after an operation or a serious injury, or pain from cancer.","constipation
feeling or being sick (nausea or vomiting)
stomach discomfort
feeling sleepy or tired
feeling dizzy and a sensation of spinning (vertigo)
confusion
headaches
itchiness or rash",used treat severe pain example operation serious injury pain cancer,9
Pantoprazole,"It's used for heartburn, acid reflux and gastro-oesophageal reflux disease (GORD) – GORD is when you keep getting acid reflux. It's also taken to prevent and treat stomach ulcers.","headaches
diarrhoea",used heartburn acid reflux gastrooesophageal reflux disease gord gord keep getting acid reflux also taken prevent treat stomach ulcers,4
Paracetamol for adults,Paracetamol is a common painkiller used to treat aches and pain. It can also be used to reduce a high temperature.,Paracetamol very rarely causes side effects if you take it at the right dosage.,paracetamol common painkiller used treat aches pain also used reduce high temperature,2
Paroxetine,"It's often used to treat depression, and sometimes obsessive compulsive disorder (OCD), panic attacks, anxiety or post-traumatic stress disorder (PTSD).","Feeling sick (nausea)
Headaches
Being unable to sleep
Diarrhoea
Feeling tired or weak",often used treat depression sometimes obsessive compulsive disorder ocd panic attacks anxiety posttraumatic stress disorder ptsd,2
Phenytoin,Phenytoin is a medicine used to treat epilepsy.,"Headaches
Feeling drowsy, sleepy or dizzy
Feeling nervous, unsteady or shaky
Feeling or being sick (nausea or vomiting)
Constipation
Sore or swollen gums",phenytoin medicine used treat epilepsy,2
Perindopril,Perindopril is a medicine used to treat high blood pressure (hypertension) and heart failure. It's also prescribed after a heart attack.,"Dry, tickly cough that does not get better
Feeling dizzy or lightheaded, especially when you stand up or sit up quickly
Headaches
Being sick
Diarrhoea
Mild skin rash
Blurred vision
Muscle cramps",perindopril medicine used treat high blood pressure hypertension heart failure also prescribed heart attack,8
Pioglitazone,Pioglitazone is a medicine used to treat type 2 diabetes.,"Sinus, throat or chest infections
Problems with your eyes
Putting on weight
Pins and needles (numb fingers or toes)",pioglitazone medicine used treat type 2 diabetes,2
Propranolol,"Propranolol belongs to a group of medicines called beta blockers. It's used to treat heart problems, help with anxiety and prevent migraines.","headaches
feeling tired, dizzy or weak
cold fingers or toes
feeling or being sick (nausea or vomiting), or diarrhoea
stomach pain",propranolol belongs group medicines called beta blockers used treat heart problems help anxiety prevent migraines,2
Rabeprazole,"Rabeprazole reduces the amount of acid your stomach makes. It's widely used to treat heartburn, acid reflux and gastro-oesophageal reflux disease (GORD). GORD is when you keep getting acid reflux.","Headaches
Feeling or being sick (nausea or vomiting)
Diarrhoea
Constipation
Stomach pain
Farting
Feeling dizzy or tired
Sore throat",rabeprazole reduces amount acid stomach makes widely used treat heartburn acid reflux gastrooesophageal reflux disease gord gord keep getting acid reflux,4
Ramipril,Ramipril is a medicine widely used to treat high blood pressure (hypertension) and heart failure. It's also prescribed after a heart attack.,"A dry, tickly cough that does not get better
Feeling dizzy or lightheaded, especially when you stand up or sit up quickly
Headaches
Diarrhoea
Being sick (vomiting)
A mild skin rash
Blurred vision",ramipril medicine widely used treat high blood pressure hypertension heart failure also prescribed heart attack,8
Risperidone,Risperidone is medicine that helps with symptoms of some mental health conditions,"feeling sleepy in the day or difficulty falling asleep at night
problems with your movement – difficulty moving, stiff muscles with movements which are difficult to control, a slow shuffling walk, shakes and drooling – this is known as dyskinesia
headaches
putting on weight or changes in appetite
stomach pain
feeling or being sick (nausea or vomiting)
constipation
diarrhoea
swollen breasts, pain in your breast or leaking breast milk – these can be signs of hormone changes",risperidone medicine helps symptoms mental health condit,1
Ropinirole,It is used to treat the symptoms of Parkinson's disease and restless legs syndrome.,"dizziness when you get up from sitting or lying down
feeling tired and weak
stomach pain
heartburn
feeling sick or being sick
feeling anxious or nervous
uncontrollable twitching or twisting movements – this is more likely if you've been taking ropinirole for a long time or at a high dose.",used treat symptoms parkinsons disease restless legs syndrome,2
Salbutamol inhaler,"Salbutamol is used to relieve symptoms of asthma and chronic obstructive pulmonary disease (COPD) such as coughing, wheezing and feeling breathless.","feeling shaky
faster heartbeat for a short while (but no chest pain)
headaches",salbutamol used relieve symptoms asthma chronic obstructive pulmonary disease copd coughing wheezing feeling breathless,13
Saxagliptin,Saxagliptin is a medicine used to treat type 2 diabetes.,"Feeling dizzy or weak
Headaches
Diarrhoea
Stomach ache
Feeling or being sick (nausea or vomiting)
Urinary tract infections (UTIs)
Cold-like symptoms
Mild rash",saxagliptin medicine used treat type 2 diabetes,2
Simeticone,Simeticone or (simethicone) is a type of medicine called an antiflatulent. It is used to treat wind (flatulence).,Simeticone is a very safe medicine and is generally not known to cause any side effects.,simeticone simethicone type medicine called antiflatulent used treat wind flatulence,2
Simvastatin,"Simvastatin is used to lower cholesterol if you’ve been diagnosed with high blood cholesterol. It’s also taken to prevent heart disease, including heart attacks and strokes.","you get unexplained muscle pain, tenderness, weakness or cramps
the whites of your eyes turn yellow
you get a skin rash with pink-red blotches
",simvastatin used lower cholesterol youve diagnosed high blood cholesterol also taken prevent heart disease including heart attacks strokes,6
Tadalafil,Tadalafil is a medicine used to treat erection problems (erectile dysfunction) and symptoms of an enlarged prostate,"headaches
feeling sick (nausea)
red or flushed face
indigestion
stuffy nose
muscle aches",tadalafil medicine used treat erection problems erectile dysfunction symptoms enlarged prost,2
Temazepam,It's used to treat sleeping problems (insomnia).,"Disturbed sleep (such as vivid dreams)
Feeling drowsy, tired, less alert or ""hungover"" the next day
Feeling lightheaded, unsteady or dizzy
A dry mouth",used treat sleeping problems insomnia,2
Terbinafine,Terbinafine is an antifungal medicine. It is used to treat skin infections caused by a fungus (yeast),"rash
headache
diarrhoea
feeling or being sick (nausea or vomiting)
a smaller appetite than usual
stomach ache
indigestion
muscle or joint pain",terbinafine antifungal medicine used treat skin infections caused fungus yeast,2
Tolterodine,Tolterodine is a medicine used to treat symptoms of an overactive bladder,"dry mouth
headache
feeling dizzy, sleepy, or a spinning sensation (vertigo)
diarrhoea or being sick (vomiting)
constipation
farting and burping (wind)
stomach pain
dry eyes
blurred vision
problems or pain when peeing, and not being able to empty your bladder",tolterodine medicine used treat symptoms overactive bladd,2
Valsartan,Valsartan is an angiotensin receptor blocker (ARB) medicine widely used to treat high blood pressure (hypertension) and heart failure,"Feeling dizzy
Headaches
Feeling sick (nausea)
Being sick (vomiting)
Diarrhoea
Pain in your joints or muscles
",valsartan angiotensin receptor blocker arb medicine widely used treat high blood pressure hypertension heart failur,5
Verapamil,Verapamil is used to prevent chest pain caused by angina as well as irregular heart rhythms (arrhythmias).,"constipation
feeling or being sick (nausea or vomiting)
flushing of the face and neck
headaches
feeling dizzy or tired
swollen hands, ankles or feet",verapamil used prevent chest pain caused angina well irregular heart rhythms arrhythmias,1
Warfarin,It makes your blood flow through your veins more easily.,"a mild rash
hair loss",makes blood flow veins easily,1
Zolpidem,Zolpidem is a sleeping pill.,"develop memory loss (amnesia)
see or hear things that are not real (hallucinations)
fall over – particularly if you are over the age of 65
think things that are not true – these are called delusions
feel low or sad – this could be a sign of depression",zolpidem sleeping pill,1
Zopiclone,Zopiclone is a type of sleeping pill that can be taken for short-term treatment of severe insomnia.,"A bitter or metallic taste in your mouth or a dry mouth
Feeling sleepy or tired the next day",zopiclone type sleeping pill taken shortterm treatment severe insomnia,1
